Date;ALV_High;ALV_Low;Last;Previous Day Price;ALV_Volume;GOOGL_Open;GOOGL_High;GOOGL_Low;GOOGL_Close;GOOGL_Volume;Ex-Dividend_x;Split Ratio_x;Adj. Open_x;Adj. High_x;Adj. Low_x;Adj. Close_x;Adj. Volume_x;FB_Open;FB_High;FB_Low;FB_Close;FB_Volume;Ex-Dividend_y;Split Ratio_y;Adj. Open_y;Adj. High_y;Adj. Low_y;Adj. Close_y;Adj. Volume_y;MSCI_Open;MSCI_High;MSCI_Low;Settle;MSCI_Volume;Prev. Day Open Interest;year;month;weekday
2016-12-06;2.671;2.553;2.666;2.574;2584.0;764.73;768.83;757.34;759.11;1690689.0;0.0;1.0;764.73;768.83;757.34;759.11;1690689.0;117.69;117.795;116.33;117.31;19131202.0;0.0;1.0;117.69;117.795;116.33;117.31;19131202.0;0.0;0.0;0.0;4780.0;0.0;0.0;2016;12;1
2016-12-07;2.764;2.684;2.724;2.666;0.0;761.0;771.36;755.8;771.19;1760966.0;0.0;1.0;761.0;771.36;755.8;771.19;1760966.0;117.0;117.95;116.57;117.95;21913658.0;0.0;1.0;117.0;117.95;116.57;117.95;21913658.0;0.0;0.0;0.0;4810.0;0.0;0.0;2016;12;2
2016-12-08;2.833;2.769;2.833;2.724;7475.0;772.48;778.18;767.23;776.42;1488059.0;0.0;1.0;772.48;778.18;767.23;776.42;1488059.0;117.98;119.5;117.64;118.91;22442756.0;0.0;1.0;117.98;119.5;117.64;118.91;22442756.0;0.0;0.0;0.0;4858.0;0.0;0.0;2016;12;3
2016-12-09;2.815;2.744;2.762;2.833;12130.0;780.0;789.43;779.021;789.29;1821914.0;0.0;1.0;780.0;789.43;779.021;789.29;1821914.0;119.22;119.94;118.95;119.68;17464736.0;0.0;1.0;119.22;119.94;118.95;119.68;17464736.0;0.0;0.0;0.0;4873.0;0.0;0.0;2016;12;4
2016-12-12;2.772;2.732;2.732;2.762;10500.0;785.04;791.25;784.3554;789.27;2104117.0;0.0;1.0;785.04;791.25;784.3554;789.27;2104117.0;119.22;119.24;117.65;117.77;17805527.0;0.0;1.0;119.22;119.24;117.65;117.77;17805527.0;0.0;0.0;0.0;4879.0;0.0;0.0;2016;12;0
2016-12-13;2.737;2.662;2.728;2.732;0.0;793.9;804.3799;793.34;796.1;2145209.0;0.0;1.0;793.9;804.3799;793.34;796.1;2145209.0;117.86;121.52;117.61;120.31;29768028.0;0.0;1.0;117.86;121.52;117.61;120.31;29768028.0;0.0;0.0;0.0;4919.0;0.0;0.0;2016;12;1
2016-12-14;2.716;2.657;2.657;2.728;3000.0;797.4;804.0;794.01;797.07;1704150.0;0.0;1.0;797.4;804.0;794.01;797.07;1704150.0;120.0;121.69;118.85;120.21;25913095.0;0.0;1.0;120.0;121.69;118.85;120.21;25913095.0;0.0;0.0;0.0;4910.0;0.0;0.0;2016;12;2
2016-12-15;2.726;2.715;2.715;2.657;0.0;797.34;803.0;792.92;797.85;1626499.0;0.0;1.0;797.34;803.0;792.92;797.85;1626499.0;120.08;122.5;119.63;120.57;20139568.0;0.0;1.0;120.08;122.5;119.63;120.57;20139568.0;0.0;0.0;0.0;4877.0;0.0;0.0;2016;12;3
2016-12-16;2.735;2.702;2.723;2.715;0.0;800.4;800.8558;790.29;790.8;2443796.0;0.0;1.0;800.4;800.8558;790.29;790.8;2443796.0;120.9;121.5;119.27;119.87;25324299.0;0.0;1.0;120.9;121.5;119.27;119.87;25324299.0;0.0;0.0;0.0;4865.0;0.0;0.0;2016;12;4
2016-12-19;2.693;2.665;2.665;2.723;2000.0;790.22;797.66;786.27;794.2;1232087.0;0.0;1.0;790.22;797.66;786.27;794.2;1232087.0;119.85;120.36;118.51;119.24;15918146.0;0.0;1.0;119.85;120.36;118.51;119.24;15918146.0;0.0;0.0;0.0;4877.0;0.0;0.0;2016;12;0
2016-12-20;2.655;2.641;2.655;2.665;14000.0;796.76;798.65;793.27;796.42;951014.0;0.0;1.0;796.76;798.65;793.27;796.42;951014.0;119.5;119.77;118.8;119.09;13684402.0;0.0;1.0;119.5;119.77;118.8;119.09;13684402.0;0.0;0.0;0.0;4886.0;0.0;0.0;2016;12;1
2016-12-21;2.703;2.66;2.703;2.655;14000.0;795.84;796.6757;787.1;794.56;1211346.0;0.0;1.0;795.84;796.6757;787.1;794.56;1211346.0;118.92;119.2;118.48;119.04;10767646.0;0.0;1.0;118.92;119.2;118.48;119.04;10767646.0;0.0;0.0;0.0;4882.0;0.0;0.0;2016;12;2
2016-12-22;2.684;2.617;2.617;2.703;0.0;792.36;793.32;788.58;791.26;972169.0;0.0;1.0;792.36;793.32;788.58;791.26;972169.0;118.86;118.99;116.93;117.4;16258587.0;0.0;1.0;118.86;118.99;116.93;117.4;16258587.0;0.0;0.0;0.0;4866.0;0.0;0.0;2016;12;3
2016-12-23;2.645;2.603;2.645;2.617;3105.0;790.9;792.74;787.28;789.91;623944.0;0.0;1.0;790.9;792.74;787.28;789.91;623944.0;117.0;117.56;116.3;117.27;10889985.0;0.0;1.0;117.0;117.56;116.3;117.27;10889985.0;0.0;0.0;0.0;4869.0;0.0;0.0;2016;12;4
2016-12-27;2.633;2.613;2.633;2.645;105.0;790.68;797.86;787.657;791.55;789321.0;0.0;1.0;790.68;797.86;787.657;791.55;789321.0;116.96;118.68;116.864;118.01;12051481.0;0.0;1.0;116.96;118.68;116.864;118.01;12051481.0;0.0;0.0;0.0;4885.0;0.0;0.0;2016;12;1
2016-12-28;2.638;2.599;2.599;2.633;2000.0;793.7;794.23;783.2;785.05;1153824.0;0.0;1.0;793.7;794.23;783.2;785.05;1153824.0;118.19;118.25;116.65;116.92;12087377.0;0.0;1.0;118.19;118.25;116.65;116.92;12087377.0;0.0;0.0;0.0;4872.0;0.0;0.0;2016;12;2
2016-12-29;2.603;2.586;2.589;2.599;1000.0;783.33;785.93;778.92;782.79;744272.0;0.0;1.0;783.33;785.93;778.92;782.79;744272.0;117.0;117.531;116.06;116.35;9934873.0;0.0;1.0;117.0;117.531;116.06;116.35;9934873.0;0.0;0.0;0.0;4855.0;0.0;0.0;2016;12;3
2016-12-30;2.588;2.542;2.588;2.589;0.0;782.75;782.78;770.41;771.82;1769950.0;0.0;1.0;782.75;782.78;770.41;771.82;1769950.0;116.595;116.83;114.7739;115.05;18684106.0;0.0;1.0;116.595;116.83;114.7739;115.05;18684106.0;0.0;0.0;0.0;4859.0;0.0;0.0;2016;12;4
2017-01-03;2.75;2.554;2.743;2.56;0.0;778.81;789.63;775.8;786.14;1657268.0;0.0;1.0;778.81;789.63;775.8;786.14;1657268.0;116.03;117.84;115.51;116.86;20663912.0;0.0;1.0;116.03;117.84;115.51;116.86;20663912.0;0.0;0.0;0.0;4869.0;0.0;0.0;2017;1;1
2017-01-04;2.755;2.729;2.749;2.743;0.0;788.36;791.34;783.16;786.9;1072958.0;0.0;1.0;788.36;791.34;783.16;786.9;1072958.0;117.55;119.66;117.29;118.69;19630932.0;0.0;1.0;117.55;119.66;117.29;118.69;19630932.0;0.0;0.0;0.0;4912.0;0.0;0.0;2017;1;2
2017-01-05;2.77;2.714;2.715;2.749;2000.0;786.08;794.48;785.02;794.02;1335167.0;0.0;1.0;786.08;794.48;785.02;794.02;1335167.0;118.86;120.95;118.3209;120.67;19492150.0;0.0;1.0;118.86;120.95;118.3209;120.67;19492150.0;0.0;0.0;0.0;4931.0;0.0;0.0;2017;1;3
2017-01-06;2.745;2.71;2.738;2.715;0.0;795.26;807.9;792.2041;806.15;1640170.0;0.0;1.0;795.26;807.9;792.2041;806.15;1640170.0;120.98;123.88;120.03;123.41;28545263.0;0.0;1.0;120.98;123.88;120.03;123.41;28545263.0;0.0;0.0;0.0;4939.0;0.0;0.0;2017;1;4
2017-01-09;2.747;2.647;2.647;2.738;0.0;806.4;809.9664;802.83;806.65;1274645.0;0.0;1.0;806.4;809.9664;802.83;806.65;1274645.0;123.55;125.43;123.04;124.9;22880360.0;0.0;1.0;123.55;125.43;123.04;124.9;22880360.0;0.0;0.0;0.0;4936.0;0.0;0.0;2017;1;0
2017-01-10;2.71;2.635;2.71;2.647;2500.0;807.86;809.1299;803.51;804.79;1176780.0;0.0;1.0;807.86;809.1299;803.51;804.79;1176780.0;124.82;125.5;124.28;124.35;17324590.0;0.0;1.0;124.82;125.5;124.28;124.35;17324590.0;0.0;0.0;0.0;4940.0;0.0;0.0;2017;1;1
2017-01-11;2.724;2.68;2.691;2.71;0.0;805.0;808.15;801.37;807.91;1065936.0;0.0;1.0;805.0;808.15;801.37;807.91;1065936.0;124.35;126.12;124.06;126.09;18356523.0;0.0;1.0;124.35;126.12;124.06;126.09;18356523.0;0.0;0.0;0.0;4922.0;0.0;0.0;2017;1;2
2017-01-12;2.707;2.684;2.684;2.691;0.0;807.14;807.39;799.17;806.36;1353057.0;0.0;1.0;807.14;807.39;799.17;806.36;1353057.0;125.61;126.73;124.8;126.62;18653914.0;0.0;1.0;125.61;126.73;124.8;126.62;18653914.0;0.0;0.0;0.0;4924.0;0.0;0.0;2017;1;3
2017-01-13;2.653;2.653;2.653;2.684;0.0;807.48;811.2244;806.69;807.88;1099215.0;0.0;1.0;807.48;811.2244;806.69;807.88;1099215.0;127.49;129.27;127.37;128.34;24884325.0;0.0;1.0;127.49;129.27;127.37;128.34;24884325.0;0.0;0.0;0.0;4958.0;0.0;0.0;2017;1;4
2017-01-17;2.713;2.602;2.69;2.628;0.0;807.08;807.14;800.37;804.61;1362115.0;0.0;1.0;807.08;807.14;800.37;804.61;1362115.0;128.04;128.34;127.4;127.87;15294460.0;0.0;1.0;128.04;128.34;127.4;127.87;15294460.0;0.0;0.0;0.0;4942.0;0.0;0.0;2017;1;1
2017-01-18;2.673;2.608;2.608;2.69;1000.0;805.81;806.205;800.99;806.07;1294407.0;0.0;1.0;805.81;806.205;800.99;806.07;1294407.0;128.41;128.43;126.84;127.92;13145852.0;0.0;1.0;128.41;128.43;126.84;127.92;13145852.0;0.0;0.0;0.0;4944.0;0.0;0.0;2017;1;2
2017-01-19;2.67;2.623;2.643;2.608;0.0;805.12;809.48;801.8;802.175;919325.0;0.0;1.0;805.12;809.48;801.8;802.175;919325.0;128.23;128.35;127.45;127.55;12195465.0;0.0;1.0;128.23;128.35;127.45;127.55;12195465.0;0.0;0.0;0.0;4930.0;0.0;0.0;2017;1;3
2017-01-20;2.643;2.603;2.603;2.643;750.0;806.91;806.91;801.69;805.02;1670045.0;0.0;1.0;806.91;806.91;801.69;805.02;1670045.0;128.1;128.48;126.78;127.04;19097223.0;0.0;1.0;128.1;128.48;126.78;127.04;19097223.0;0.0;0.0;0.0;4943.0;0.0;0.0;2017;1;4
2017-01-23;2.609;2.571;2.609;2.603;5000.0;807.25;820.87;803.74;819.31;1963628.0;0.0;1.0;807.25;820.87;803.74;819.31;1963628.0;127.31;129.25;126.95;128.93;16593563.0;0.0;1.0;127.31;129.25;126.95;128.93;16593563.0;0.0;0.0;0.0;4927.0;0.0;0.0;2017;1;0
2017-01-24;2.656;2.606;2.642;2.609;740.0;822.3;825.9;817.821;823.87;1474010.0;0.0;1.0;822.3;825.9;817.821;823.87;1474010.0;129.38;129.9;128.38;129.37;15162724.0;0.0;1.0;129.38;129.9;128.38;129.37;15162724.0;0.0;0.0;0.0;4949.0;0.0;0.0;2017;1;1
2017-01-25;2.714;2.666;2.714;2.642;0.0;829.62;835.77;825.06;835.67;1627304.0;0.0;1.0;829.62;835.77;825.06;835.67;1627304.0;130.0;131.74;129.77;131.48;18777314.0;0.0;1.0;130.0;131.74;129.77;131.48;18777314.0;0.0;0.0;0.0;5005.0;0.0;0.0;2017;1;2
2017-01-26;2.755;2.65;2.755;2.714;3000.0;837.81;838.0;827.01;832.15;2973891.0;0.0;1.0;837.81;838.0;827.01;832.15;2973891.0;131.63;133.14;131.4401;132.78;20020141.0;0.0;1.0;131.63;133.14;131.4401;132.78;20020141.0;0.0;0.0;0.0;5003.0;0.0;0.0;2017;1;3
2017-01-27;2.72;2.696;2.707;2.755;0.0;834.71;841.95;820.44;823.31;2965771.0;0.0;1.0;834.71;841.95;820.44;823.31;2965771.0;132.68;132.95;131.08;132.18;19539514.0;0.0;1.0;132.68;132.95;131.08;132.18;19539514.0;0.0;0.0;0.0;5000.0;0.0;0.0;2017;1;4
2017-01-30;2.66;2.619;2.619;2.707;0.0;814.66;815.84;799.8;802.32;3246573.0;0.0;1.0;814.66;815.84;799.8;802.32;3246573.0;131.58;131.58;129.6;130.98;18956095.0;0.0;1.0;131.58;131.58;129.6;130.98;18956095.0;0.0;0.0;0.0;4951.0;0.0;0.0;2017;1;0
2017-01-31;2.612;2.58;2.581;2.619;0.0;796.86;801.25;790.52;796.79;2160556.0;0.0;1.0;796.86;801.25;790.52;796.79;2160556.0;130.17;130.66;129.5157;130.32;19790484.0;0.0;1.0;130.17;130.66;129.5157;130.32;19790484.0;0.0;0.0;0.0;4952.0;0.0;0.0;2017;1;1
2017-02-01;2.625;2.552;2.625;2.581;0.0;799.68;801.19;791.19;795.695;2029744.0;0.0;1.0;799.68;801.19;791.19;795.695;2029744.0;132.25;133.49;130.68;133.23;50139775.0;0.0;1.0;132.25;133.49;130.68;133.23;50139775.0;0.0;0.0;0.0;4970.0;0.0;0.0;2017;2;2
2017-02-02;2.604;2.567;2.567;2.625;0.0;793.8;802.7;792.0;798.53;1532138.0;0.0;1.0;793.8;802.7;792.0;798.53;1532138.0;133.22;135.49;130.4;130.84;54366447.0;0.0;1.0;133.22;135.49;130.4;130.84;54366447.0;0.0;0.0;0.0;4984.0;0.0;0.0;2017;2;3
2017-02-03;2.656;2.569;2.645;2.567;0.0;802.99;806.0;800.37;801.49;1463448.0;0.0;1.0;802.99;806.0;800.37;801.49;1463448.0;131.24;132.85;130.76;130.98;24804890.0;0.0;1.0;131.24;132.85;130.76;130.98;24804890.0;0.0;0.0;0.0;5010.0;0.0;0.0;2017;2;4
2017-02-06;2.701;2.645;2.658;2.645;0.0;799.7;801.67;795.2501;801.34;1184483.0;0.0;1.0;799.7;801.67;795.2501;801.34;1184483.0;130.98;132.06;130.3;132.06;17058494.0;0.0;1.0;130.98;132.06;130.3;132.06;17058494.0;0.0;0.0;0.0;4991.0;0.0;0.0;2017;2;0
2017-02-07;2.644;2.622;2.644;2.658;0.0;803.99;810.5;801.78;806.97;1241221.0;0.0;1.0;803.99;810.5;801.78;806.97;1241221.0;132.24;133.0;131.661;131.84;14596449.0;0.0;1.0;132.24;133.0;131.661;131.84;14596449.0;0.0;0.0;0.0;4988.0;0.0;0.0;2017;2;1
2017-02-08;2.65;2.6;2.6;2.644;0.0;807.0;811.84;803.1903;808.38;1155990.0;0.0;1.0;807.0;811.84;803.1903;808.38;1155990.0;132.6;134.44;132.44;134.2;22390556.0;0.0;1.0;132.6;134.44;132.44;134.2;22390556.0;0.0;0.0;0.0;4994.0;0.0;0.0;2017;2;2
2017-02-09;2.692;2.65;2.692;2.6;1.0;809.51;810.66;804.54;809.56;990391.0;0.0;1.0;809.51;810.66;804.54;809.56;990391.0;134.49;134.5;133.31;134.14;16470609.0;0.0;1.0;134.49;134.5;133.31;134.14;16470609.0;0.0;0.0;0.0;5018.0;0.0;0.0;2017;2;3
2017-02-10;2.672;2.672;2.672;2.692;0.0;811.7;815.25;809.78;813.67;1134976.0;0.0;1.0;811.7;815.25;809.78;813.67;1134976.0;134.1;134.94;133.68;134.19;15061939.0;0.0;1.0;134.1;134.94;133.68;134.19;15061939.0;0.0;0.0;0.0;5027.0;0.0;0.0;2017;2;4
2017-02-13;2.742;2.686;2.742;2.672;0.0;816.0;820.959;815.49;819.24;1213324.0;0.0;1.0;816.0;820.959;815.49;819.24;1213324.0;134.6975;134.6975;133.7;134.05;13526221.0;0.0;1.0;134.6975;134.6975;133.7;134.05;13526221.0;0.0;0.0;0.0;5056.0;0.0;0.0;2017;2;0
2017-02-14;2.75;2.711;2.733;2.742;20000.0;819.0;823.0;816.0;820.45;1054732.0;0.0;1.0;819.0;823.0;816.0;820.45;1054732.0;134.1;134.23;132.55;133.85;14364877.0;0.0;1.0;134.1;134.23;132.55;133.85;14364877.0;0.0;0.0;0.0;5048.0;0.0;0.0;2017;2;1
2017-02-15;2.83;2.777;2.82;2.733;0.0;819.36;823.0;818.47;818.98;1313617.0;0.0;1.0;819.36;823.0;818.47;818.98;1313617.0;133.45;133.7;132.66;133.44;13226534.0;0.0;1.0;133.45;133.7;132.66;133.44;13226534.0;0.0;0.0;0.0;5082.0;0.0;0.0;2017;2;2
2017-02-16;2.82;2.801;2.804;2.82;500.0;819.93;824.4;818.98;824.16;1287626.0;0.0;1.0;819.93;824.4;818.98;824.16;1287626.0;133.07;133.87;133.022;133.84;12831092.0;0.0;1.0;133.07;133.87;133.022;133.84;12831092.0;0.0;0.0;0.0;5085.0;0.0;0.0;2017;2;3
2017-02-17;2.775;2.728;2.764;2.804;1000.0;823.02;828.07;821.655;828.07;1611039.0;0.0;1.0;823.02;828.07;821.655;828.07;1611039.0;133.5;134.0912;133.17;133.53;12276490.0;0.0;1.0;133.5;134.0912;133.17;133.53;12276490.0;0.0;0.0;0.0;5074.0;0.0;0.0;2017;2;4
2017-02-21;2.795;2.767;2.795;2.792;0.0;828.66;833.45;828.35;831.66;1262337.0;0.0;1.0;828.66;833.45;828.35;831.66;1262337.0;133.5;133.91;132.9;133.72;14759109.0;0.0;1.0;133.5;133.91;132.9;133.72;14759109.0;0.0;0.0;0.0;5115.0;0.0;0.0;2017;2;1
2017-02-22;2.819;2.776;2.779;2.795;2000.0;828.66;833.25;828.64;830.76;987248.0;0.0;1.0;828.66;833.25;828.64;830.76;987248.0;133.6;136.79;133.46;136.12;27360092.0;0.0;1.0;133.6;136.79;133.46;136.12;27360092.0;0.0;0.0;0.0;5119.0;0.0;0.0;2017;2;2
2017-02-23;2.872;2.704;2.872;2.779;0.0;830.12;832.46;822.88;831.33;1472771.0;0.0;1.0;830.12;832.46;822.88;831.33;1472771.0;135.89;136.12;134.33;135.36;18422549.0;0.0;1.0;135.89;136.12;134.33;135.36;18422549.0;0.0;0.0;0.0;5114.0;0.0;0.0;2017;2;3
2017-02-24;2.704;2.652;2.652;2.872;0.0;827.73;829.0;824.2;828.64;1392202.0;0.0;1.0;827.73;829.0;824.2;828.64;1392202.0;134.16;135.62;134.16;135.44;12625742.0;0.0;1.0;134.16;135.62;134.16;135.44;12625742.0;0.0;0.0;0.0;5107.0;0.0;0.0;2017;2;4
2017-02-27;2.649;2.625;2.625;2.652;1850.0;824.55;830.5;824.0;829.28;1101466.0;0.0;1.0;824.55;830.5;824.0;829.28;1101466.0;135.26;137.1846;135.02;136.41;14306668.0;0.0;1.0;135.26;137.1846;135.02;136.41;14306668.0;0.0;0.0;0.0;5116.0;0.0;0.0;2017;2;0
2017-02-28;2.649;2.631;2.631;2.625;0.0;825.61;828.54;820.2;823.21;2260769.0;0.0;1.0;825.61;828.54;820.2;823.21;2260769.0;136.79;136.805;134.75;135.54;16112092.0;0.0;1.0;136.79;136.805;134.75;135.54;16112092.0;0.0;0.0;0.0;5117.0;0.0;0.0;2017;2;1
2017-03-01;2.697;2.634;2.697;2.631;0.0;828.85;836.255;827.26;835.24;1496540.0;0.0;1.0;828.85;836.255;827.26;835.24;1496540.0;136.47;137.48;136.3;137.42;16257010.0;0.0;1.0;136.47;137.48;136.3;137.42;16257010.0;5118.0;5118.0;5118.0;5164.0;2503.0;2503.0;2017;3;2
2017-03-02;2.706;2.706;2.706;2.697;0.0;833.85;834.51;829.64;830.63;942476.0;0.0;1.0;833.85;834.51;829.64;830.63;942476.0;137.09;137.82;136.31;136.76;12294804.0;0.0;1.0;137.09;137.82;136.31;136.76;12294804.0;5145.0;5145.0;5142.0;5146.0;1003.0;3497.0;2017;3;3
2017-03-03;2.64;2.64;2.64;2.706;0.0;830.56;831.36;825.751;829.08;896378.0;0.0;1.0;830.56;831.36;825.751;829.08;896378.0;136.63;137.33;136.08;137.17;11160563.0;0.0;1.0;136.63;137.33;136.08;137.17;11160563.0;5132.0;5132.0;5132.0;5131.0;50.0;3447.0;2017;3;4
2017-03-06;2.664;2.664;2.664;2.64;0.0;826.95;828.88;822.4;827.78;1109037.0;0.0;1.0;826.95;828.88;822.4;827.78;1109037.0;136.88;137.83;136.51;137.42;12748179.0;0.0;1.0;136.88;137.83;136.51;137.42;12748179.0;5130.0;5130.0;5130.0;5124.0;1.0;3447.0;2017;3;0
2017-03-07;2.623;2.609;2.623;2.664;0.0;827.4;833.41;826.52;831.91;1037630.0;0.0;1.0;827.4;833.41;826.52;831.91;1037630.0;137.03;138.37;136.99;137.3;13527132.0;0.0;1.0;137.03;138.37;136.99;137.3;13527132.0;5120.0;5120.0;5118.0;5118.0;10329.0;12830.0;2017;3;1
2017-03-08;2.654;2.593;2.654;2.623;0.0;833.51;838.15;831.79;835.37;989773.0;0.0;1.0;833.51;838.15;831.79;835.37;989773.0;137.15;137.99;137.0516;137.72;10184514.0;0.0;1.0;137.15;137.99;137.0516;137.72;10184514.0;5106.0;5119.0;5106.0;5117.0;1025.0;13830.0;2017;3;2
2017-03-09;2.673;2.657;2.672;2.654;0.0;836.0;842.0;834.21;838.68;1261517.0;0.0;1.0;836.0;842.0;834.21;838.68;1261517.0;137.72;138.57;137.4;138.24;15535259.0;0.0;1.0;137.72;138.57;137.4;138.24;15535259.0;5102.0;5109.0;5094.0;5111.0;4445.0;18247.0;2017;3;3
2017-03-10;2.671;2.648;2.652;2.672;0.0;843.28;844.91;839.5;843.25;1704024.0;0.0;1.0;843.28;844.91;839.5;843.25;1704024.0;138.91;139.49;138.22;138.79;16314113.0;0.0;1.0;138.91;139.49;138.22;138.79;16314113.0;5137.0;5141.0;5130.0;5134.0;1449.0;18257.0;2017;3;4
2017-03-13;2.646;2.625;2.646;2.652;16000.0;844.0;848.685;843.25;845.54;1223647.0;0.0;1.0;844.0;848.685;843.25;845.54;1223647.0;138.71;139.68;138.6729;139.6;10955450.0;0.0;1.0;138.71;139.68;138.6729;139.6;10955450.0;5141.0;5147.0;5135.0;5145.0;6066.0;23132.0;2017;3;0
2017-03-14;2.616;2.586;2.596;2.646;1000.0;843.64;847.24;840.8;845.62;780198.0;0.0;1.0;843.64;847.24;840.8;845.62;780198.0;139.46;139.46;138.52;139.32;12944018.0;0.0;1.0;139.46;139.46;138.52;139.32;12944018.0;5132.0;5132.0;5113.0;5120.0;6658.0;27536.0;2017;3;1
2017-03-15;2.624;2.588;2.623;2.596;50.0;847.59;848.63;840.77;847.2;1381474.0;0.0;1.0;847.59;848.63;840.77;847.2;1381474.0;139.29;140.1;138.49;139.72;19344826.0;0.0;1.0;139.29;140.1;138.49;139.72;19344826.0;5121.0;5146.0;5121.0;5147.0;11607.0;32735.0;2017;3;2
2017-03-16;2.643;2.58;2.643;2.623;0.0;849.03;850.85;846.13;848.78;977560.0;0.0;1.0;849.03;850.85;846.13;848.78;977560.0;140.2;140.25;139.73;139.99;13612942.0;0.0;1.0;140.2;140.25;139.73;139.99;13612942.0;5196.0;5197.0;5178.0;5187.0;3688.0;34985.0;2017;3;3
2017-03-17;2.685;2.616;2.62;2.643;0.0;851.61;853.4;847.11;852.12;1716471.0;0.0;1.0;851.61;853.4;847.11;852.12;1716471.0;140.34;140.34;139.7;139.84;20592818.0;0.0;1.0;140.34;140.34;139.7;139.84;20592818.0;5188.0;5192.0;5180.0;5184.0;1614.0;36277.0;2017;3;4
2017-03-20;2.638;2.6;2.6;2.62;162.0;850.01;850.22;845.15;848.4;1231521.0;0.0;1.0;850.01;850.22;845.15;848.4;1231521.0;139.71;140.19;139.25;139.94;12099471.0;0.0;1.0;139.71;140.19;139.25;139.94;12099471.0;5184.0;5184.0;5176.0;5176.0;134.0;36289.0;2017;3;0
2017-03-21;2.673;2.589;2.669;2.6;0.0;851.4;853.5;829.02;830.46;2463484.0;0.0;1.0;851.4;853.5;829.02;830.46;2463484.0;141.15;142.3082;138.4;138.51;29894784.0;0.0;1.0;141.15;142.3082;138.4;138.51;29894784.0;5186.0;5195.0;5122.0;5146.0;370.0;36572.0;2017;3;1
2017-03-22;2.622;2.576;2.598;2.669;3500.0;831.91;835.55;827.1801;829.59;1401465.0;0.0;1.0;831.91;835.55;827.1801;829.59;1401465.0;137.93;139.79;137.6;139.59;17055449.0;0.0;1.0;137.93;139.79;137.6;139.59;17055449.0;5111.0;5124.0;5110.0;5121.0;262.0;36263.0;2017;3;2
2017-03-23;2.607;2.581;2.596;2.598;20000.0;821.0;822.57;812.257;817.58;3487056.0;0.0;1.0;821.0;822.57;812.257;817.58;3487056.0;139.48;140.39;139.09;139.53;13022801.0;0.0;1.0;139.48;140.39;139.09;139.53;13022801.0;5124.0;5144.0;5120.0;5150.0;77.0;36308.0;2017;3;3
2017-03-24;2.619;2.608;2.608;2.596;0.0;820.08;821.93;808.89;814.43;1981006.0;0.0;1.0;820.08;821.93;808.89;814.43;1981006.0;140.08;141.0244;139.76;140.34;16664683.0;0.0;1.0;140.08;141.0244;139.76;140.34;16664683.0;5137.0;5146.0;5137.0;5147.0;17.0;36302.0;2017;3;4
2017-03-27;2.588;2.576;2.576;2.608;0.0;806.95;821.63;803.37;819.51;1894990.0;0.0;1.0;806.95;821.63;803.37;819.51;1894990.0;139.05;140.65;138.77;140.32;12800544.0;0.0;1.0;139.05;140.65;138.77;140.32;12800544.0;5108.0;5127.0;5099.0;5126.0;25.0;36300.0;2017;3;0
2017-03-28;2.627;2.592;2.605;2.576;0.0;820.41;825.99;814.027;820.92;1620542.0;0.0;1.0;820.41;825.99;814.027;820.92;1620542.0;140.36;141.95;140.01;141.76;14679436.0;0.0;1.0;140.36;141.95;140.01;141.76;14679436.0;5140.0;5161.0;5137.0;5160.0;100.0;36304.0;2017;3;1
2017-03-29;2.625;2.587;2.587;2.605;0.0;825.0;832.765;822.3801;831.41;1786321.0;0.0;1.0;825.0;832.765;822.3801;831.41;1786321.0;141.99;142.86;141.43;142.65;16527574.0;0.0;1.0;141.99;142.86;141.43;142.65;16527574.0;5169.0;5170.0;5160.0;5168.0;226.0;36501.0;2017;3;2
2017-03-30;2.648;2.619;2.648;2.587;0.0;833.5;833.68;829.0;831.5;1055339.0;0.0;1.0;833.5;833.68;829.0;831.5;1055339.0;142.4;142.95;141.85;142.41;12403997.0;0.0;1.0;142.4;142.95;141.85;142.41;12403997.0;5170.0;5186.0;5162.0;5186.0;323.0;36488.0;2017;3;3
2017-03-31;2.655;2.635;2.636;2.648;0.0;828.97;831.64;827.39;829.56;1401893.0;0.0;1.0;828.97;831.64;827.39;829.56;1401893.0;142.31;142.63;141.89;142.05;11478265.0;0.0;1.0;142.31;142.63;141.89;142.05;11478265.0;5154.0;5170.0;5154.0;5172.0;283.0;36330.0;2017;3;4
2017-04-03;2.631;2.607;2.619;2.636;0.0;829.22;840.85;829.22;838.55;1671503.0;0.0;1.0;829.22;840.85;829.22;838.55;1671503.0;141.93;142.47;140.82;142.28;13563960.0;0.0;1.0;141.93;142.47;140.82;142.28;13563960.0;5169.0;5169.0;5134.0;5139.0;1941.0;37557.0;2017;4;0
2017-04-04;2.596;2.533;2.533;2.619;0.0;831.36;835.18;829.0363;834.57;1045363.0;0.0;1.0;831.36;835.18;829.0363;834.57;1045363.0;141.86;142.09;141.27;141.73;12948599.0;0.0;1.0;141.86;142.09;141.27;141.73;12948599.0;5140.0;5155.0;5134.0;5155.0;453.0;37677.0;2017;4;1
2017-04-05;2.563;2.529;2.563;2.533;0.0;835.51;842.45;830.72;831.41;1555328.0;0.0;1.0;835.51;842.45;830.72;831.41;1555328.0;142.26;143.44;141.29;141.85;17158059.0;0.0;1.0;142.26;143.44;141.29;141.85;17158059.0;5155.0;5184.0;5138.0;5172.0;615.0;37943.0;2017;4;2
2017-04-06;2.527;2.511;2.512;2.563;0.0;832.4;836.39;826.46;827.88;1254433.0;0.0;1.0;832.4;836.39;826.46;827.88;1254433.0;142.11;142.22;140.91;141.17;15103426.0;0.0;1.0;142.11;142.22;140.91;141.17;15103426.0;5130.0;5156.0;5130.0;5156.0;463.0;38098.0;2017;4;3
2017-04-07;2.514;2.502;2.514;2.512;0.0;827.96;828.485;820.5127;824.67;1056692.0;0.0;1.0;827.96;828.485;820.5127;824.67;1056692.0;141.2;141.55;140.24;140.78;11811439.0;0.0;1.0;141.2;141.55;140.24;140.78;11811439.0;5137.0;5152.0;5137.0;5146.0;385.0;38022.0;2017;4;4
2017-04-10;2.534;2.473;2.517;2.514;32000.0;825.39;829.35;823.77;824.73;978905.0;0.0;1.0;825.39;829.35;823.77;824.73;978905.0;141.0;141.43;140.63;141.04;9039366.0;0.0;1.0;141.0;141.43;140.63;141.04;9039366.0;5147.0;5153.0;5139.0;5155.0;476.0;38126.0;2017;4;0
2017-04-11;2.538;2.519;2.53;2.517;0.0;824.71;827.4267;817.0201;823.35;1079732.0;0.0;1.0;824.71;827.4267;817.0201;823.35;1079732.0;140.8;141.0299;138.81;139.92;16638087.0;0.0;1.0;140.8;141.0299;138.81;139.92;16638087.0;5135.0;5150.0;5121.0;5125.0;389.0;37522.0;2017;4;1
2017-04-12;2.536;2.518;2.534;2.53;0.0;821.93;826.66;821.02;824.32;900480.0;0.0;1.0;821.93;826.66;821.02;824.32;900480.0;139.72;140.4;139.44;139.58;11612456.0;0.0;1.0;139.72;140.4;139.44;139.58;11612456.0;5160.0;5160.0;5132.0;5135.0;1353.0;37847.0;2017;4;2
2017-04-13;2.51;2.486;2.51;2.534;0.0;822.14;826.38;821.44;823.56;1122362.0;0.0;1.0;822.14;826.38;821.44;823.56;1122362.0;139.62;140.58;139.33;139.39;10965614.0;0.0;1.0;139.62;140.58;139.33;139.39;10965614.0;5125.0;5132.0;5116.0;5129.0;647.0;37505.0;2017;4;3
2017-04-18;2.472;2.425;2.465;2.51;0.0;834.22;838.93;832.71;836.82;836722.0;0.0;1.0;834.22;838.93;832.71;836.82;836722.0;141.27;141.905;140.61;140.96;14807472.0;0.0;1.0;141.27;141.905;140.61;140.96;14807472.0;5134.0;5135.0;5102.0;5120.0;401.0;37874.0;2017;4;1
2017-04-19;2.501;2.465;2.491;2.465;0.0;839.79;842.22;836.29;838.21;954330.0;0.0;1.0;839.79;842.22;836.29;838.21;954330.0;141.35;143.04;141.27;142.27;15563945.0;0.0;1.0;141.35;143.04;141.27;142.27;15563945.0;5129.0;5134.0;5125.0;5129.0;1593.0;39184.0;2017;4;2
2017-04-20;2.494;2.455;2.459;2.491;0.0;841.44;845.2;839.32;841.65;959031.0;0.0;1.0;841.44;845.2;839.32;841.65;959031.0;142.95;144.25;142.689;143.8;15968164.0;0.0;1.0;142.95;144.25;142.689;143.8;15968164.0;5120.0;5141.0;5120.0;5139.0;3018.0;38910.0;2017;4;3
2017-04-21;2.5;2.459;2.488;2.459;0.0;842.88;843.88;840.6;843.19;1323583.0;0.0;1.0;842.88;843.88;840.6;843.19;1323583.0;143.9;144.17;142.27;143.68;12382002.0;0.0;1.0;143.9;144.17;142.27;143.68;12382002.0;5150.0;5151.0;5140.0;5139.0;1456.0;39305.0;2017;4;4
2017-04-24;2.579;2.443;2.579;2.488;0.0;851.2;863.45;849.86;862.76;1371581.0;0.0;1.0;851.2;863.45;849.86;862.76;1371581.0;144.96;145.6738;144.34;145.47;14397448.0;0.0;1.0;144.96;145.6738;144.34;145.47;14397448.0;5205.0;5225.0;5204.0;5212.0;1446.0;39509.0;2017;4;0
2017-04-25;2.614;2.56;2.614;2.579;0.0;865.0;875.0;862.81;872.3;1654161.0;0.0;1.0;865.0;875.0;862.81;872.3;1654161.0;145.79;147.15;145.7898;146.49;17684833.0;0.0;1.0;145.79;147.15;145.7898;146.49;17684833.0;5224.0;5251.0;5224.0;5249.0;4652.0;41023.0;2017;4;1
2017-04-26;2.65;2.59;2.65;2.614;0.0;874.23;876.05;867.7481;871.624;1188464.0;0.0;1.0;874.23;876.05;867.7481;871.624;1188464.0;147.09;147.59;146.09;146.56;11324335.0;0.0;1.0;147.09;147.59;146.09;146.56;11324335.0;5247.0;5263.0;5244.0;5262.0;1234.0;40976.0;2017;4;2
2017-04-27;2.656;2.622;2.638;2.65;0.0;873.6;875.4;870.38;874.25;1734197.0;0.0;1.0;873.6;875.4;870.38;874.25;1734197.0;146.67;147.75;146.14;147.7;10561420.0;0.0;1.0;146.67;147.75;146.14;147.7;10561420.0;5244.0;5250.0;5234.0;5236.0;1790.0;40411.0;2017;4;3
2017-04-28;2.643;2.504;2.517;2.638;0.0;910.66;916.85;905.77;905.96;3160585.0;0.0;1.0;910.66;916.85;905.77;905.96;3160585.0;149.5;151.53;149.07;150.25;30280373.0;0.0;1.0;149.5;151.53;149.07;150.25;30280373.0;5246.0;5252.0;5239.0;5240.0;2267.0;40710.0;2017;4;4
2017-05-02;2.503;2.478;2.487;2.517;0.0;909.62;920.77;909.4526;916.44;1520766.0;0.0;1.0;909.62;920.77;909.4526;916.44;1520766.0;153.34;153.44;151.66;152.78;21255365.0;0.0;1.0;153.34;153.44;151.66;152.78;21255365.0;5254.0;5263.0;5252.0;5255.0;3072.0;0.0;2017;5;1
2017-05-03;2.481;2.431;2.476;2.487;0.0;914.86;928.1;912.5426;927.04;1477329.0;0.0;1.0;914.86;928.1;912.5426;927.04;1477329.0;153.6;153.6;151.34;151.8;21755088.0;0.0;1.0;153.6;153.6;151.34;151.8;21755088.0;5253.0;5255.0;5240.0;5246.0;2577.0;41946.0;2017;5;2
2017-05-04;2.498;2.471;2.498;2.476;0.0;926.07;935.93;924.59;931.66;1405844.0;0.0;1.0;926.07;935.93;924.59;931.66;1405844.0;150.17;151.52;148.72;150.85;36060301.0;0.0;1.0;150.17;151.52;148.72;150.85;36060301.0;5249.0;5270.0;5249.0;5262.0;1443.0;42859.0;2017;5;3
2017-05-05;2.465;2.42;2.42;2.498;0.0;933.54;934.9;925.2;927.13;1904731.0;0.0;1.0;933.54;934.9;925.2;927.13;1904731.0;151.45;151.63;149.79;150.24;17051519.0;0.0;1.0;151.45;151.63;149.79;150.24;17051519.0;5266.0;5292.0;5266.0;5284.0;3666.0;42873.0;2017;5;4
2017-05-08;2.47;2.423;2.433;2.42;150.0;926.12;936.925;925.26;934.3;1319052.0;0.0;1.0;926.12;936.925;925.26;934.3;1319052.0;150.71;151.08;149.74;151.06;15662472.0;0.0;1.0;150.71;151.08;149.74;151.06;15662472.0;5293.0;5298.0;5283.0;5281.0;544.0;42106.0;2017;5;0
2017-05-09;2.45;2.408;2.441;2.433;0.0;936.95;937.5;929.53;932.17;1575628.0;0.0;1.0;936.95;937.5;929.53;932.17;1575628.0;151.49;152.59;150.21;150.48;17325999.0;0.0;1.0;151.49;152.59;150.21;150.48;17325999.0;5289.0;5296.0;5289.0;5289.0;2018.0;42242.0;2017;5;1
2017-05-10;2.479;2.435;2.479;2.441;450.0;931.98;932.0;925.16;928.78;1170055.0;0.0;1.0;931.98;932.0;925.16;928.78;1170055.0;150.23;150.52;148.86;150.29;11653395.0;0.0;1.0;150.23;150.52;148.86;150.29;11653395.0;5282.0;5289.0;5276.0;5285.0;487.0;42194.0;2017;5;2
2017-05-11;2.492;2.442;2.442;2.479;0.0;925.32;932.53;923.0301;930.6;830838.0;0.0;1.0;925.32;932.53;923.0301;930.6;830838.0;150.31;150.65;149.41;150.04;11623865.0;0.0;1.0;150.31;150.65;149.41;150.04;11623865.0;5287.0;5288.0;5257.0;5267.0;1466.0;42961.0;2017;5;3
2017-05-12;2.433;2.419;2.426;2.442;0.0;931.53;933.44;927.85;932.22;1038409.0;0.0;1.0;931.53;933.44;927.85;932.22;1038409.0;150.4;150.46;149.63;150.33;9497040.0;0.0;1.0;150.4;150.46;149.63;150.33;9497040.0;5267.0;5285.0;5267.0;5282.0;1888.0;43886.0;2017;5;4
2017-05-15;2.47;2.383;2.47;2.426;65.0;932.95;938.25;929.34;937.08;1094283.0;0.0;1.0;932.95;938.25;929.34;937.08;1094283.0;150.17;151.48;149.77;150.19;14909882.0;0.0;1.0;150.17;151.48;149.77;150.19;14909882.0;5300.0;5314.0;5294.0;5311.0;3950.0;42199.0;2017;5;0
2017-05-16;2.476;2.454;2.471;2.47;0.0;940.0;943.11;937.58;943.0;956692.0;0.0;1.0;940.0;943.11;937.58;943.0;956692.0;150.11;150.21;149.03;149.78;14420715.0;0.0;1.0;150.11;150.21;149.03;149.78;14420715.0;5314.0;5333.0;5313.0;5322.0;2478.0;41893.0;2017;5;1
2017-05-17;2.483;2.432;2.432;2.471;0.0;935.67;939.3325;918.14;919.62;2323389.0;0.0;1.0;935.67;939.3325;918.14;919.62;2323389.0;148.0;148.67;144.4216;144.85;27908167.0;0.0;1.0;148.0;148.67;144.4216;144.85;27908167.0;5306.0;5306.0;5262.0;5271.0;16557.0;45681.0;2017;5;2
2017-05-18;2.459;2.378;2.459;2.432;200.0;921.0;933.17;918.75;930.24;1586465.0;0.0;1.0;921.0;933.17;918.75;930.24;1586465.0;144.72;148.15;144.51;147.66;21784326.0;0.0;1.0;144.72;148.15;144.51;147.66;21784326.0;5255.0;5255.0;5210.0;5252.0;2111.0;45337.0;2017;5;3
2017-05-19;2.491;2.461;2.461;2.459;0.0;931.47;937.755;931.0;934.01;1382221.0;0.0;1.0;931.47;937.755;931.0;934.01;1382221.0;148.445;149.39;147.96;148.06;16101229.0;0.0;1.0;148.445;149.39;147.96;148.06;16101229.0;5256.0;5303.0;5256.0;5297.0;2539.0;44846.0;2017;5;4
2017-05-22;2.487;2.476;2.48;2.461;0.0;935.0;941.8828;935.0;941.86;1092176.0;0.0;1.0;935.0;941.8828;935.0;941.86;1092176.0;148.08;148.59;147.69;148.24;12379481.0;0.0;1.0;148.08;148.59;147.69;148.24;12379481.0;5292.0;5320.0;5292.0;5315.0;3479.0;44786.0;2017;5;0
2017-05-23;2.496;2.469;2.496;2.48;0.0;947.92;951.4666;942.575;948.82;1259285.0;0.0;1.0;947.92;951.4666;942.575;948.82;1259285.0;148.52;148.81;147.25;148.07;12665886.0;0.0;1.0;148.52;148.81;147.25;148.07;12665886.0;5330.0;5334.0;5321.0;5331.0;3669.0;46099.0;2017;5;1
2017-05-24;2.505;2.478;2.478;2.496;0.0;952.98;955.09;949.5;954.96;990248.0;0.0;1.0;952.98;955.09;949.5;954.96;990248.0;148.51;150.23;148.42;150.04;17769670.0;0.0;1.0;148.51;150.23;148.42;150.04;17769670.0;5325.0;5325.0;5320.0;5323.0;663.0;45602.0;2017;5;2
2017-05-25;2.497;2.478;2.478;2.478;0.0;957.33;972.629;955.47;969.54;1645873.0;0.0;1.0;957.33;972.629;955.47;969.54;1645873.0;150.3;152.59;149.95;151.96;19780399.0;0.0;1.0;150.3;152.59;149.95;151.96;19780399.0;5346.0;5354.0;5340.0;5348.0;633.0;45405.0;2017;5;3
2017-05-26;2.444;2.404;2.404;2.478;0.0;969.7;974.98;965.03;971.47;1246186.0;0.0;1.0;969.7;974.98;965.03;971.47;1246186.0;152.23;152.25;151.15;152.13;14907827.0;0.0;1.0;152.23;152.25;151.15;152.13;14907827.0;5343.0;5344.0;5336.0;5341.0;533.0;45636.0;2017;5;4
2017-05-30;2.43;2.403;2.406;2.425;0.0;970.31;976.2;969.49;975.88;1455686.0;0.0;1.0;970.31;976.2;969.49;975.88;1455686.0;151.97;152.9;151.64;152.38;13145329.0;0.0;1.0;151.97;152.9;151.64;152.38;13145329.0;5326.0;5340.0;5326.0;5338.0;1023.0;45258.0;2017;5;1
2017-05-31;2.456;2.378;2.449;2.406;0.0;975.02;979.27;960.18;964.86;2426589.0;0.0;1.0;975.02;979.27;960.18;964.86;2426589.0;152.7;153.35;151.09;151.46;17709427.0;0.0;1.0;152.7;153.35;151.09;151.46;17709427.0;5336.0;5353.0;5330.0;5335.0;1118.0;44351.0;2017;5;2
2017-06-01;2.435;2.393;2.405;2.449;0.0;968.95;971.5;960.01;966.95;1403200.0;0.0;1.0;968.95;971.5;960.01;966.95;1403200.0;151.75;152.29;150.3;151.53;14459173.0;0.0;1.0;151.75;152.29;150.3;151.53;14459173.0;5351.0;5376.0;5348.0;5358.0;2208.0;45511.0;2017;6;3
2017-06-02;2.449;2.449;2.449;2.405;0.0;969.46;975.88;966.0;975.6;1717212.0;0.0;1.0;969.46;975.88;966.0;975.6;1717212.0;151.85;153.63;151.3;153.61;16787255.0;0.0;1.0;151.85;153.63;151.3;153.61;16787255.0;5396.0;5401.0;5390.0;5401.0;2272.0;44148.0;2017;6;4
2017-06-06;2.408;2.408;2.408;2.449;0.0;983.16;988.25;975.14;976.57;1796904.0;0.0;1.0;983.16;988.25;975.14;976.57;1796904.0;153.41;154.52;152.48;152.81;13291727.0;0.0;1.0;153.41;154.52;152.48;152.81;13291727.0;5388.0;5389.0;5377.0;5384.0;1115.0;43481.0;2017;6;1
2017-06-07;2.434;2.386;2.434;2.408;0.0;979.65;984.15;975.77;981.08;1429834.0;0.0;1.0;979.65;984.15;975.77;981.08;1429834.0;153.27;153.75;152.34;153.12;11822136.0;0.0;1.0;153.27;153.75;152.34;153.12;11822136.0;5389.0;5395.0;5377.0;5377.0;6649.0;41638.0;2017;6;2
2017-06-08;2.383;2.382;2.382;2.434;0.0;982.35;984.57;977.2;983.41;1451232.0;0.0;1.0;982.35;984.57;977.2;983.41;1451232.0;154.08;154.73;153.1;154.71;17539521.0;0.0;1.0;154.08;154.73;153.1;154.71;17539521.0;5388.0;5389.0;5373.0;5380.0;3114.0;39485.0;2017;6;3
2017-06-09;2.321;2.277;2.321;2.382;4000.0;984.5;984.5;935.63;949.83;3270248.0;0.0;1.0;984.5;984.5;935.63;949.83;3270248.0;154.77;155.59;146.61;149.63;35256368.0;0.0;1.0;154.77;155.59;146.61;149.63;35256368.0;5382.0;5400.0;5363.0;5398.0;5019.0;38576.0;2017;6;4
2017-06-12;2.353;2.32;2.32;2.321;0.0;939.56;949.355;915.2328;942.9;3731589.0;0.0;1.0;939.56;949.355;915.2328;942.9;3731589.0;148.17;149.195;144.56;148.44;33238543.0;0.0;1.0;148.17;149.195;144.56;148.44;33238543.0;5363.0;5369.0;5349.0;5359.0;14972.0;47108.0;2017;6;0
2017-06-13;2.351;2.335;2.351;2.32;1000.0;951.91;959.98;944.09;953.4;1995350.0;0.0;1.0;951.91;959.98;944.09;953.4;1995350.0;150.15;151.18;148.9;150.68;20316202.0;0.0;1.0;150.15;151.18;148.9;150.68;20316202.0;5360.0;5396.0;5360.0;5383.0;10002.0;34701.0;2017;6;1
2017-06-14;2.363;2.3;2.3;2.351;0.0;959.92;961.15;942.25;950.76;1477033.0;0.0;1.0;959.92;961.15;942.25;950.76;1477033.0;151.26;152.4;149.05;150.25;20552981.0;0.0;1.0;151.26;152.4;149.05;150.25;20552981.0;5401.0;5414.0;5383.0;5397.0;6777.0;26804.0;2017;6;2
2017-06-15;2.316;2.316;2.316;2.3;0.0;933.97;943.339;924.44;942.31;2055953.0;0.0;1.0;933.97;943.339;924.44;942.31;2055953.0;147.67;150.0366;146.3747;149.8;18877305.0;0.0;1.0;147.67;150.0366;146.3747;149.8;18877305.0;5359.0;5359.0;5336.0;5355.0;2857.0;25162.0;2017;6;3
2017-06-16;2.342;2.314;2.315;2.316;0.0;940.0;942.04;931.595;939.78;2921393.0;0.0;1.0;940.0;942.04;931.595;939.78;2921393.0;149.59;150.83;148.6;150.64;22169800.0;0.0;1.0;149.59;150.83;148.6;150.64;22169800.0;5361.0;5361.0;5361.0;5360.0;9.0;24933.0;2017;6;4
2017-06-19;2.358;2.316;2.358;2.315;0.0;949.96;959.99;949.05;957.37;1494191.0;0.0;1.0;949.96;959.99;949.05;957.37;1494191.0;151.71;153.57;151.71;152.87;18678807.0;0.0;1.0;151.71;153.57;151.71;152.87;18678807.0;0.0;0.0;0.0;5376.115;0.0;0.0;2017;6;0
